,0,1,2,3
0,Î‘,Greek Capital Letter Alpha,U+0391,313
1,Î±,Greek Small Letter Alpha,U+03B1,1053
2,Î’,Greek Capital Letter Beta,U+0392,59
3,Î¿,Greek Small Letter Omicron,U+03BF,680
4,Î¥,Greek Capital Letter Upsilon,U+03A5,78
5,Î,Greek Capital Letter Nu,U+039D,119
6,Ğ°,Cyrillic Small Letter A,U+0430,15633
7,Ğ,Cyrillic A,U+0410,1050
8,Ğ’,Cyrillic B,U+0412,980
9,Ğ,Cyrillic O,U+041E,1280
10,Ğµ,Cyrillic Small Letter Ie,U+0435,12584
11,Ã…,Latin Capital Letter a with Ring Above,U+00C5,301
12,Ã¥,Latin Small Letter a with Ring Above,U+00E5,1380
13,à­¦,Oriya digit zero,U+0B66,0
14,à¬ ,Oriya Letter Ttha,U+0B20,0
15,ğ’†,Osmanya Letter Deel,U+10486,0
16,ğ’ƒ,Osmanya Letter Ja,U+10483,0
17,ğ’–,Osmanya Letter A,U+10496,0
18,ğ’‹,Osmanya Letter Cayn,U+1048B,0
19,á»,Latin Small Letter O with Dot Below (Vietnamese),U+1ECD,47
20,ß‹,Nko Letter Ee,U+07CB,0
21,ã…‡,Hangul Letter Ieung,U+3147,0
22,à¥¤,Devanagari Danda,U+0964,8
23,ê“²,Lisu Letter I,U+A4F2,0
24,à¼,Tibetan Mark Shad,U+0F0D,0
25,Ã¡,Latin Small Letter a with Acute,U+00E1,8684
26,Ã ,Latin Small Letter a with Grave,U+00E0,4955
27,Ã¢,Latin Small Letter a with Circumflex,U+00E2,1467
28,Ã£,Latin Small Letter a with Tilde,U+00E3,1923
29,ï½,Fullwidth Latin Small Letter A,U+FF41,0
30,ğŸ˜ƒ,Smiling Face with Open Mouth Emoji,U+1F603,12
31,ğŸ¤¬,Serious Face With Symbols Covering Mouth Emoji,U+1F92C,1
32,ğŸ˜­,Loudly Crying Face Emoji,U+1F62D,26
33,ğŸ¥°,Smiling Face with Smiling Eyes and Three Hearts Emoji,U+1F970,28
34,ğŸ˜±,Face Screaming In Fear Emoji,U+1F631,35
35,ğŸ¥³,Face with Party Horn and Party Hat Emoji,U+1F973,10
36,ğŸ¤“,Nerd Face Emoji,U+1F913,8
37,ğŸµ,Monkey Face Emoji,U+1F435,4
38,ğŸ«,Bactrian Camel Emoji,U+1F42B,0
39,Ø§,Arabic Letter Alef,U+0627,1004
