idx, letter description, unicode identifier, counter
0,Greek Capital Letter Alpha,U+0391,21357
1,Greek Small Letter Alpha,U+03B1,68729
2,Greek Capital Letter Beta,U+0392,3469
3,Greek Small Letter Omicron,U+03BF,44325
4,Greek Capital Letter Upsilon,U+03A5,5341
5,Greek Capital Letter Nu,U+039D,7856
6,Cyrillic Small Letter A,U+0430,989014
7,Cyrillic A,U+0410,68964
8,Cyrillic B,U+0412,64789
9,Cyrillic O,U+041E,81420
10,Cyrillic Small Letter Ie,U+0435,802918
11,Latin Capital Letter a with Ring Above,U+00C5,19278
12,Latin Small Letter a with Ring Above,U+00E5,87222
13,Oriya digit zero,U+0B66,0
14,Oriya Letter Ttha,U+0B20,0
15,Osmanya Letter Deel,U+10486,0
16,Osmanya Letter Ja,U+10483,0
17,Osmanya Letter A,U+10496,0
18,Osmanya Letter Cayn,U+1048B,0
19,Latin Small Letter O with Dot Below (Vietnamese),U+1ECD,2576
20,Nko Letter Ee,U+07CB,1
21,Hangul Letter Ieung,U+3147,64
22,Devanagari Danda,U+0964,359
23,Lisu Letter I,U+A4F2,3
24,Tibetan Mark Shad,U+0F0D,52
25,Latin Small Letter a with Acute,U+00E1,561002
26,Latin Small Letter a with Grave,U+00E0,320653
27,Latin Small Letter a with Circumflex,U+00E2,93695
28,Latin Small Letter a with Tilde,U+00E3,123971
29,Fullwidth Latin Small Letter A,U+FF41,0
30,Smiling Face with Open Mouth Emoji,U+1F603,1066
31,Serious Face With Symbols Covering Mouth Emoji,U+1F92C,36
32,Loudly Crying Face Emoji,U+1F62D,1484
33,Smiling Face with Smiling Eyes and Three Hearts Emoji,U+1F970,1821
34,Face Screaming In Fear Emoji,U+1F631,1978
35,Face with Party Horn and Party Hat Emoji,U+1F973,801
36,Nerd Face Emoji,U+1F913,558
37,Monkey Face Emoji,U+1F435,236
38,Bactrian Camel Emoji,U+1F42B,46
39,Arabic Letter Alef,U+0627,65419
